{
  "+91700": {
    "carrier": "Jio",
    "baseline": 25
  },
  "+91701": {
    "carrier": "Jio",
    "baseline": 25
  },
  "+91702": {
    "carrier": "Jio",
    "baseline": 25
  },
  "+91703": {
    "carrier": "Jio",
    "baseline": 25
  },
  "+91704": {
    "carrier": "Jio",
    "baseline": 25
  },
  "+91705": {
    "carrier": "Jio",
    "baseline": 25
  },
  "+91706": {
    "carrier": "Jio",
    "baseline": 25
  },
  "+91707": {
    "carrier": "Jio",
    "baseline": 25
  },
  "+91708": {
    "carrier": "Jio",
    "baseline": 25
  },
  "+91709": {
    "carrier": "Jio",
    "baseline": 25
  },
  "+91980": {
    "carrier": "Airtel",
    "baseline": 25
  },
  "+91981": {
    "carrier": "Airtel",
    "baseline": 25
  },
  "+91982": {
    "carrier": "Airtel",
    "baseline": 25
  },
  "+91983": {
    "carrier": "Airtel",
    "baseline": 25
  },
  "+91984": {
    "carrier": "Airtel",
    "baseline": 25
  },
  "+91985": {
    "carrier": "Airtel",
    "baseline": 25
  },
  "+91986": {
    "carrier": "Airtel",
    "baseline": 25
  },
  "+91987": {
    "carrier": "Airtel",
    "baseline": 25
  },
  "+91988": {
    "carrier": "Airtel",
    "baseline": 25
  },
  "+91989": {
    "carrier": "Airtel",
    "baseline": 25
  },
  "+91990": {
    "carrier": "VI",
    "baseline": 28
  },
  "+91991": {
    "carrier": "VI",
    "baseline": 28
  },
  "+91992": {
    "carrier": "VI",
    "baseline": 28
  },
  "+91993": {
    "carrier": "VI",
    "baseline": 28
  },
  "+91994": {
    "carrier": "VI",
    "baseline": 28
  },
  "+91995": {
    "carrier": "VI",
    "baseline": 28
  },
  "+91996": {
    "carrier": "VI",
    "baseline": 28
  },
  "+91997": {
    "carrier": "VI",
    "baseline": 28
  },
  "+91998": {
    "carrier": "VI",
    "baseline": 28
  },
  "+91999": {
    "carrier": "VI",
    "baseline": 28
  },
  "+91903": {
    "carrier": "Jio",
    "baseline": 25
  },
  "+91904": {
    "carrier": "Jio",
    "baseline": 25
  },
  "+91905": {
    "carrier": "Jio",
    "baseline": 25
  },
  "+91906": {
    "carrier": "Jio",
    "baseline": 25
  },
  "+91907": {
    "carrier": "Jio",
    "baseline": 25
  },
  "+91908": {
    "carrier": "Jio",
    "baseline": 25
  },
  "+91909": {
    "carrier": "Jio",
    "baseline": 25
  },
  "+91923": {
    "carrier": "Idea",
    "baseline": 30
  },
  "+91924": {
    "carrier": "Idea",
    "baseline": 30
  },
  "+91925": {
    "carrier": "Idea",
    "baseline": 30
  },
  "+9122": {
    "carrier": "Various (Mumbai landline)",
    "baseline": 18
  },
  "+9140": {
    "carrier": "Various (Hyderabad landline)",
    "baseline": 18
  },
  "+9144": {
    "carrier": "Various (Chennai landline)",
    "baseline": 18
  },
  "+9180": {
    "carrier": "Various (Bengaluru landline)",
    "baseline": 18
  },
  "+9111": {
    "carrier": "Various (Delhi landline)",
    "baseline": 18
  },
  "+9133": {
    "carrier": "Various (Kolkata landline)",
    "baseline": 18
  },
  "+1408": {
    "carrier": "AT&T/Verizon (San Jose CA)",
    "baseline": 22
  },
  "+1415": {
    "carrier": "AT&T (San Francisco CA)",
    "baseline": 22
  },
  "+1416": {
    "carrier": "Rogers (Toronto)",
    "baseline": 22
  },
  "+1212": {
    "carrier": "Verizon (New York)",
    "baseline": 22
  },
  "+4420": {
    "carrier": "Vodafone/O2 (London)",
    "baseline": 24
  },
  "+44163": {
    "carrier": "EE (UK)",
    "baseline": 24
  },
  "+331": {
    "carrier": "Orange (France)",
    "baseline": 24
  },
  "+4916": {
    "carrier": "Deutsche Telekom (Germany)",
    "baseline": 24
  },
  "+612": {
    "carrier": "Telstra (Australia)",
    "baseline": 24
  },
  "+656": {
    "carrier": "Singtel (Singapore)",
    "baseline": 24
  },
  "+8190": {
    "carrier": "NTT Docomo (Japan)",
    "baseline": 24
  }
}