{
  "+91700": "Maharashtra (India)",
  "+91701": "Maharashtra (India)",
  "+91702": "Maharashtra (India)",
  "+91980": "Tamil Nadu (India)",
  "+91981": "Tamil Nadu (India)",
  "+91982": "Tamil Nadu (India)",
  "+91983": "Karnataka (India)",
  "+91984": "Tamil Nadu (India)",
  "+91985": "Kerala (India)",
  "+91986": "Andhra Pradesh (India)",
  "+91987": "Telangana (India)",
  "+91988": "Maharashtra (India)",
  "+91989": "Gujarat (India)",
  "+91990": "Uttar Pradesh (India)",
  "+9122": "Mumbai, India",
  "+9140": "Hyderabad, India",
  "+9144": "Chennai, India",
  "+9180": "Bengaluru, India",
  "+9111": "Delhi, India",
  "+9133": "Kolkata, India",
  "+1408": "San Jose, California, USA",
  "+1415": "San Francisco Bay Area, USA",
  "+1416": "Toronto, Canada",
  "+1212": "New York, USA",
  "+4420": "London, UK",
  "+331": "Paris, France",
  "+612": "Sydney, Australia",
  "+656": "Singapore",
  "+8190": "Japan"
}